算子	组别	可比轮次	得分(%)	diff(pp)	总Token	总Token较A(%)	非缓存Token	非缓存Token较A(%)	耗时中位数(分钟)	平均迭代轮数	优势组	优势依据	性能均值(%)	性能样本方差(pp²)	性能均值diff(pp)	总Token均值	总Token样本方差(Token²)	总Token均值较A(%)	非缓存Token均值	非缓存Token样本方差(Token²)	非缓存Token均值较A(%)
gf_vect_mul	A	2	20.5	0	24589065	0	437865	0	60.7	3	对照	无	20.4952	0.0004	0.0000	24589065.00	2.22592847e+14	0.0000	437865.00	3.00591565e+9	0.0000
gf_vect_mul	B	2	26.78	6.29	11652755	-52.61	312851	-28.55	41	3	是	性能；总Token；非缓存Token	26.7836	107.0375	6.2883	11652755.00	3.82892654e+13	-52.6100	312851.00	9.97606375e+9	-28.5508
gf_vect_mul	C	2	18.31	-2.19	9608261	-60.92	273605	-37.51	35.9	3	是	总Token；非缓存Token	18.3094	0.0029	-2.1858	9608260.50	4.94070496e+12	-60.9247	273604.50	7.14132005e+7	-37.5140
gf_vect_mul	D	2	26.28	5.78	13291915	-45.94	444715	1.56	45.7	2.5	是	性能；总Token	26.2782	68.3526	5.7830	13291914.50	2.05108532e+13	-45.9438	444714.50	6.71548946e+10	1.5643
crc32_ieee	A	3	35.57	0	74177453	0	673029	0	89.3	2.7	对照	无	35.0327	556.3578	0.0000	62907495.00	5.93135762e+14	0.0000	688508.33	1.22667308e+10	0.0000
crc32_ieee	B	3	49.14	13.57	72068320	-2.84	886744	31.75	119.4	3	是	性能；总Token	46.2485	136.6818	11.2158	64878170.00	3.76453458e+14	3.1327	874543.33	1.13181935e+10	27.0200
crc32_ieee	C	3	28.72	-6.84	53206012	-28.27	764022	13.52	85.6	3	是	总Token	28.7602	827.9729	-6.2726	50066340.33	4.80361590e+14	-20.4128	737828.33	5.09204438e+10	7.1633
crc32_ieee	D	3	39.12	3.55	32444276	-56.26	535476	-20.44	90.6	3	是	性能；总Token；非缓存Token	37.6816	233.3418	2.6488	43890639.00	7.52033195e+14	-30.2299	598543.00	3.32223820e+10	-13.0667
libm_sin_cos_dp	A	3	8.1	0	21308341	0	431885	0	43.9	3	对照	无	8.1491	0.2245	0.0000	22963242.00	3.71691346e+13	0.0000	486143.33	3.02590328e+10	0.0000
libm_sin_cos_dp	B	3	3.63	-4.47	23388870	9.76	403229	-6.64	47.1	3	是	非缓存Token	3.5949	2.5858	-4.5542	25589182.67	1.89515395e+13	11.4354	413652.00	8.58857239e+8	-14.9115
libm_sin_cos_dp	C	3	4.98	-3.13	23787057	11.63	447985	3.73	42.5	3	否	无	4.5601	3.0454	-3.5890	26825900.00	8.08462242e+13	16.8210	434113.33	1.24307411e+9	-10.7026
libm_sin_cos_dp	D	3	2.36	-5.74	38839494	82.27	628022	45.41	73.5	3	否	无	4.2730	27.9136	-3.8762	35963106.00	6.53765929e+13	56.6116	545314.00	2.93312403e+10	12.1714
dftbench_double	A	3	23.05	0	51972520	0	505256	0	102.4	3	对照	无	21.5805	87.1097	0.0000	56144683.00	1.01108582e+15	0.0000	587883.00	9.23050840e+10	0.0000
dftbench_double	B	3	22.3	-0.75	30858303	-40.63	467014	-7.57	60.1	3	是	总Token；非缓存Token	21.6007	7.9209	0.0202	30122942.00	2.53915738e+13	-46.3476	572371.33	6.15148614e+10	-2.6386
dftbench_double	C	3	23.8	0.76	42683881	-17.87	444764	-11.97	74.3	3	是	性能；总Token；非缓存Token	21.9734	13.6919	0.3929	36613946.00	2.72252490e+14	-34.7864	510820.67	4.22046378e+10	-13.1084
dftbench_double	D	3	31.29	8.25	30752047	-40.83	653685	29.38	82.8	3	是	性能；总Token	25.6867	122.7297	4.1062	35683880.00	2.71666743e+14	-36.4430	674962.67	8.74716723e+10	14.8124
tlfloat_quad_arithmetic	A	3	6.06	0	21070214	0	439339	0	61.2	2.3	对照	无	5.5256	6.5809	0.0000	23925296.67	1.52892348e+14	0.0000	541147.33	4.53218719e+10	0.0000
tlfloat_quad_arithmetic	B	3	3.29	-2.77	39387014	86.93	516102	17.47	98.3	3	否	无	4.0913	2.0504	-1.4343	38381270.33	2.56409208e+14	60.4213	572267.67	2.91428407e+10	5.7508
tlfloat_quad_arithmetic	C	3	15.78	9.72	28139344	33.55	487120	10.88	80.2	3	是	性能	14.2638	89.3159	8.7383	31963363.33	6.31881276e+13	33.5965	527011.33	5.59753663e+9	-2.6122
tlfloat_quad_arithmetic	D	3	3.67	-2.39	35644212	69.17	430132	-2.1	89.8	3	是	非缓存Token	7.9145	57.2146	2.3890	36784407.67	3.83896511e+14	53.7469	480279.67	2.84562324e+10	-11.2479
